Data Check|EDC Table|Data Check Description|Category|Type|SQL_File_Ref
DC 1.01|Table IID|Required tables are not present|Data Model Conformance|Required|sql/checks/dc_1_01.sql
DC 1.02|Table IID|Required tables are not populated. DEMOGRAPHIC, ENROLLMENT, ENCOUNTER, DIAGNOSIS, PROCEDURES, and HARVEST are required for all network partners; LAB_RESULT_CM, PRESCRIBING, and VITAL are required for network partners with electronic health record data|Data Model Conformance|Required|sql/checks/dc_1_02.sql
DC 1.03|Table IID|Required fields are not present|Data Model Conformance|Required|sql/checks/dc_1_03.sql
DC 1.04|Table IID|Required fields do not conform to data model specifications for data type, length, or name|Data Model Conformance|Required|sql/checks/dc_1_04.sql
DC 1.05|Table IIA|Tables have primary key definition errors|Data Model Conformance|Required|sql/checks/dc_1_05.sql
DC 1.06|Table IIB|Required fields contain values outside of data model specifications|Data Model Conformance|Required|sql/checks/dc_1_06.sql
DC 1.07|Table IIC|Required fields have non-permissible missing values|Data Model Conformance|Required|sql/checks/dc_1_07.sql
DC 1.08|Table IIE|Tables contain orphan PATIDs (PATIDS that are not present in the DEMOGRAPHIC table)|Data Model Conformance|Required|sql/checks/dc_1_08.sql
DC 1.09|Table IIE|Tables contain orphan ENCOUNTERIDs (ENCOUNTERIDs that are not present in the ENCOUNTER table) for more than 5% of records|Data Model Conformance|Required|sql/checks/dc_1_09.sql
DC 1.10|Table IIE|Replication errors between the ENCOUNTER, PROCEDURES and DIAGNOSIS tables. Replication errors are ENCOUNTERIDs in the DIAGNOSIS or PROCEDURES table where the encounter type or admit date does not match the corresponding value in the ENCOUNTER table|Data Model Conformance|Required|sql/checks/dc_1_10.sql
DC 1.11|Table IIE|More than 5% of encounters are assigned to more than one patient|Data Model Conformance|Required|sql/checks/dc_1_11.sql
DC 1.12|Table IIE|Tables contain orphan PROVIDERIDs (PROVIDERIDs that are not present in the PROVIDER table)|Data Model Conformance|Required|sql/checks/dc_1_12.sql
DC 1.13|Table IIF|More than 5% of CPT®/HCPCS, CVX, ICD, NDC, LOINC or RXNORM codes do not conform to the expected length or content based on terminology-specific heuristics|Data Model Conformance|Required|sql/checks/dc_1_13.sql
DC 1.14|Table IIE|Patients in the DEMOGRAPHIC table are not in the HASH_TOKEN table|Data Model Conformance|Investigative|sql/checks/dc_1_14.sql
DC 1.15|Table IID|Fields with undefined lengths that are present in more than one table (PATID, ENCOUNTERID, PRESCRIBINGID, PROCEDURESID, PROVIDERID, MEDADMIN_PROVIDERID, OBSGEN_PROVIDERID, OBSCLIN_PROVIDERID, RX_PROVIDERID, and VX_PROVIDERID) do not have harmonized field lengths|Data Model Conformance|Required|sql/checks/dc_1_15.sql
DC 1.16|Table IIF|Laboratory results or clinical observations are recorded in the wrong table based on the LOINC® classtype|Data Model Conformance|Investigative|sql/checks/dc_1_16.sql
DC 1.17|Table IID|Zip codes in the ENCOUNTER or LDS_ADDRESS_HISTORY table have non-conforming values (alphabetical characters or the wrong number of digits)|Data Model Conformance|Required|sql/checks/dc_1_17.sql
DC 1.18|Table ID|Table refresh dates are not documented in the HARVEST table for populated tables|Data Model Conformance|Required|sql/checks/dc_1_18.sql
DC 1.19|Table IIE|More than 10% of the values in any hash token field are assigned to multiple patients|Data Model Conformance|Investigative|sql/checks/dc_1_19.sql
DC 1.20|Table IIG|More than 5% of LOINC records in the LAB_RESULT_CM, PRO_CM, and OBS_CLIN tables are panel codes based on the LOINC® panel type|Data Model Conformance|Investigative|sql/checks/dc_1_20.sql
DC 1.21|Table IID|STATE_FIPS, COUNTY_FIPS and RUCA_ZIP fields have non-conforming values (alphabetical characters or discrepancies between STATE_FIPS and COUNTY_FIPS)|Data Model Conformance|Required|sql/checks/dc_1_21.sql
DC 2.01|Table IIIA|More than 5% of records have future dates. Future dates are defined as those with dates occurring after the maximum refresh date in the HARVEST table|Data Plausibility|Investigative|sql/checks/dc_2_01.sql
DC 2.02|Table IIIB|More than 10% of records fall into the lowest or highest categories of age (<0 or >89), height (<21 inches or >76 inches), weight (<0 lbs or >350 lbs), diastolic blood pressure (<40 mmHg or >120 mmHg), systolic blood pressure (<40 mmHg or >210 mmHg), or dispensed days supply (<1 day or >90 days)|Data Plausibility|Investigative|sql/checks/dc_2_02.sql
DC 2.03|Table IIIC|More than 5% of patients have illogical date relationships. Illogical date relationships are defined as dates of service which occur before a patient's birth date or after a patient's death date; procedure dates occurring more than 5 days before the admit date or 5 days after the discharge date for the same encounter; or stop dates before start dates in the EXTERNAL_MEDS, MED_ADMIN, OBS_CLIN, OBS_GEN, or PAT_RELATIONSHIP tables|Data Plausibility|Investigative|sql/checks/dc_2_03.sql
DC 2.04|Table IIID|The average number of encounters per visit is > 2.0 for inpatient (IP), emergency department (ED), or ED to inpatient (EI) encounters. A visit is defined as a unique combination of PATID, ENC_TYPE, ADMIT_DATE, and PROVIDERID in the ENCOUNTER table|Data Plausibility|Investigative|sql/checks/dc_2_04.sql
DC 2.07|Table IVE|The average number of principal diagnoses per known DX_ORIGIN per encounter is above threshold [2.0 for inpatient (IP) and ED to inpatient (EI))|Data Plausibility|Investigative|sql/checks/dc_2_07.sql
DC 2.08|Table IIIG|The monthly volume of encounter, diagnosis, procedure, vital, prescribing, medication administration, external medications, laboratory records, or patient-reported outcomes is an outlier. Outliers are defined as months with 0 records or a significant decrease compared to the average volume in the previous 12 months. Encounters, diagnoses, and procedures are limited to ambulatory (AV), telehealth (TH), emergency department (ED), ED to inpatient (EI), or inpatient (IP) settings.|Data Plausibility|Investigative|sql/checks/dc_2_08.sql
DC 2.09|Table IB|Less than 80% of patients with a face-to-face encounter during the past 5 years have at least 1 face-to-face diagnosis and 1 vital measurement. Face-to-face is defined as an encounter type of ambulatory visit (AV), emergency department (ED), emergency department admit to inpatient hospital stay (EI), inpatient hospital (IP), or observation stay (OS).|Data Plausibility|Investigative|sql/checks/dc_2_09.sql
DC 3.01|Table IVA|The average number of diagnoses records with known diagnosis types per encounter is below threshold [1.0 for ambulatory (AV), inpatient (IP), emergency department (ED), ED to inpatient (EI), or telehealth (TH) encounters].|Data Completeness|Investigative|sql/checks/dc_3_01.sql
DC 3.02|Table IVB|The average number of procedure records with known procedure types per encounter is below threshold [0.75 for ambulatory (AV) encounters, 0.75 for emergency department (ED) encounters, 1.00 for ED to inpatient (EI) encounters, and 1.00 for inpatient (IP) encounters].|Data Completeness|Investigative|sql/checks/dc_3_02.sql
DC 3.03|Table IVC|More than 10% of records have missing or unknown values for the following fields: DISCHARGE_DISPOSITION (IP/EI encounters only), DISPENSE_SUP, DX_SOURCE, SEX, code fields [DEATH_CAUSE_CODE, MEDADMIN_CODE, OBSCLIN_CODE, OBSGEN_CODE], code type fields [DX_TYPE, CONDITION_TYPE, MEDADMIN_TYPE, OBSCLIN_TYPE, OBSGEN_TYPE, PX_TYPE, VX_CODE_TYPE], date fields [BIRTH_DATE, DISCHARGE_DATE (IP/EI encounters only), EXT_RECORD_DATE, RX_ORDER_DATE, PX_DATE, VX_RECORD_DATE], ENCOUNTERID fields in selected tables [DIAGNOSIS, LAB_RESULT_CM, PRESCRIBING, MED_ADMIN, OBS_CLIN, PROCEDURES, and VITAL], and provenance fields [CONDITION_SOURCE, DEATH_CAUSE_SOURCE, DEATH_SOURCE, DISPENSE_SOURCE, DX_ORIGIN, EXTMED_SOURCE, EXT_BASIS, MEDADMIN_SOURCE, LAB_RESULT_SOURCE, PX_SOURCE, RX_SOURCE, VITAL_SOURCE, VX_SOURCE]|Data Completeness|Investigative|sql/checks/dc_3_03.sql
DC 3.04|Table IB|Less than 50% of patients with encounters have DIAGNOSIS records|Data Completeness|Required|sql/checks/dc_3_04.sql
DC 3.05|Table IB|Less than 50% of patients with encounters have PROCEDURES records|Data Completeness|Required|sql/checks/dc_3_05.sql
DC 3.06|Table IVE|More than 10% of IP (inpatient) or ED to inpatient (EI) encounters with any diagnosis from a known DX_ORIGIN don't have a principal diagnosis from that source|Data Completeness|Investigative|sql/checks/dc_3_06.sql
DC 3.07|Table IVF|Encounters, diagnoses, or procedures in an ambulatory (AV), telehealth (TH), emergency department (ED), ED to inpatient (EI), or inpatient (IP) setting are less than 75% complete two months prior to the current month. Data completeness is calculated by comparing actual volume to the average volume during the previous year|Data Completeness|Investigative|sql/checks/dc_3_07.sql
DC 3.08|Table IVH|Less than 80% of prescribing orders are mapped to a RXCUI which fully specifies the ingredient, strength and dose form (i.e. RXCUI codes that have a Term Type of SCD, SBD,BPCK, or GPCK)|Data Completeness|Investigative|sql/checks/dc_3_08.sql
DC 3.09|Table IVI|Less than 80% of laboratory results are mapped to LAB_LOINC and have either a quantitative result (RESULT_NUM is not null and RESULT_MODIFIER is not NI, UN, OT, or null) or a qualitative result (RESULT_QUAL is not NI, UN, OT, or null)|Data Completeness|Investigative|sql/checks/dc_3_09.sql
DC 3.10|Table IVI|Less than 80% of quantitative results for tests mapped to LAB_LOINC fully specify the normal range in the range and modifier fields|Data Completeness|Investigative|sql/checks/dc_3_10.sql
DC 3.11|Table IVG|Vital, prescribing, or laboratory records are less than 75% complete three months prior to the current month. Data completeness is calculated by comparing actual volume to the average volume during the previous year|Data Completeness|Investigative|sql/checks/dc_3_11.sql
DC 3.12|Table IVI|Less than 80% of quantitative results for tests mapped to LAB_LOINC fully specify the RESULT_UNIT (i.e. RESULT_NUM is not null and RESULT_UNIT is not NI, UN, OT, or null)|Data Completeness|Investigative|sql/checks/dc_3_12.sql
DC 3.14|Table IVJ|Medication administration, dispensing, or clinical observation records are less than 75% complete three months prior to the current month. Data completeness is calculated by comparing actual volume to the average volume during the previous year|Data Completeness|Investigative|sql/checks/dc_3_14.sql
DC 3.15|Table IVH|Less than 80% of medication administrations mapped to RXNORM are mapped to a RXCUI that fully specifies the ingredient, strength and dose form (i.e. RXCUI codes that have a Term Type of SCD, SBD,BPCK, or GPCK)|Data Completeness|Investigative|sql/checks/dc_3_15.sql
DC 3.16|Table IVI|Less than 80% of clinical observations are mapped to an OBSCLIN_CODE and have a quantitative result (OBSCLIN_RESULT_NUM is not null and OBSCLIN_RESULT_MODIFIER is not NI,UN,OT or null), qualitative result (OBSCLIN_RESULT_QUAL is not NI,UN,OT or null) or narrative result (OBSCLIN_RESULT_TEXT is not null)|Data Completeness|Investigative|sql/checks/dc_3_16.sql
DC 3.17|Table IVI|Less than 80% of quantitative results for tests mapped to OBSCLIN_CODE fully specify the RESULT_UNIT (i.e. OBSCLIN_RESULT_NUM is not null and OBSCLIN_RESULT_UNIT is not NI, UN, OT, or null)|Data Completeness|Investigative|sql/checks/dc_3_17.sql
DC 4.01|Table VA|More than a 5% decrease in the number of patients or records in a CDM table between the previous and current DataMart refresh|Data Persistence|Investigative|sql/checks/dc_4_01.sql
DC 4.02|Table VB|More than a 5% decrease in the number of patients or records for diagnosis, procedures, labs or prescriptions during an ambulatory (AV), telehealth (TH), other ambulatory (OA), emergency department (ED), or inpatient (IP) encounter between the previous and current DataMart refresh|Data Persistence|Investigative|sql/checks/dc_4_02.sql
DC 4.03|Table VC|More than a 5% decrease in the number of records or distinct codes for CPT/HCPCS, CVX, ICD10, LOINC, NDC, or RXNORM codes between the previous and current DataMart refresh|Data Persistence|Investigative|sql/checks/dc_4_03.sql
